body,completed
Laravel Installation and Composer,1
Basic Routing and Views,1
Laravel Valet is Your Best Friend,1
"Database Setup and Sequel Pro
",1
Pass Data to Your Views,1
Working With the Query Builder,1
Eloquent 101,1
Controllers,1
Route Model Binding,1
Layouts and Structure,1
Form Request Data and CSRF,1
Form Validation 101,1
Rendering Posts,0
"Laravel Mix and the Front-end
",0
Eloquent Relationships and Comments,0
Add Comments,0
Rapid Authentication and Configuration,0
Associating With Users,0
Associating With Users: Part 2,0
Archives,0
View Composers,0
Testing 101,0
"DI, Auto-Resolution, and Repositories",0
The Service Container,0
Service Providers Explained,0
Sending Email,0
Markdown Mail,0
Form Requests and Form Objects,0
Session Handling and Flash Messaging,0
Tags and Pivot Tables,0
Sorting Posts By Tags,0
Eventing,0